{"hideFromDataJson": false, "owner": {"displayName": "A. Fuller", "type": "interactive", "id": "9e4n-uys4", "screenName": "A. Fuller"}, "viewType": "tabular", "tableAuthor": {"displayName": "A. Fuller", "type": "interactive", "id": "9e4n-uys4", "screenName": "A. Fuller"}, "grants": [{"flags": ["public"], "type": "viewer", "inherited": false}], "rowsUpdatedAt": 1507059054, "viewCount": 55, "columns": [{"width": 172, "dataTypeName": "text", "cachedContents": {"null": "0", "smallest": "OP", "top": [{"item": "OP", "count": "187480"}], "not_null": "187480", "non_null": 187480, "cardinality": "1", "largest": "OP"}, "name": "Agency", "format": {}, "position": 1, "fieldName": "agency", "tableColumnId": 52974576, "id": 319128759, "renderTypeName": "text"}, {"width": 232, "dataTypeName": "calendar_date", "cachedContents": {"null": "0", "smallest": "2014-01-01T00:00:00.000", "top": [{"item": "2014-10-14T02:45:12.000", "count": "14"}, {"item": "2014-10-14T02:46:45.000", "count": "11"}, {"item": "2014-01-01T00:00:00.000", "count": "4"}, {"item": "2014-09-20T00:00:00.000", "count": "4"}, {"item": "2014-09-21T00:00:00.000", "count": "3"}, {"item": "2014-03-23T00:00:00.000", "count": "3"}, {"item": "2014-11-04T14:39:16.000", "count": "3"}, {"item": "2014-06-27T00:00:00.000", "count": "3"}, {"item": "2014-08-23T00:00:00.000", "count": "3"}, {"item": "2014-11-19T20:39:24.000", "count": "2"}, {"item": "2014-03-23T16:06:16.000", "count": "2"}, {"item": "2014-01-21T12:36:34.000", "count": "2"}, {"item": "2014-11-19T23:47:58.000", "count": "2"}, {"item": "2014-03-07T12:58:02.000", "count": "2"}, {"item": "2014-04-16T20:53:40.000", "count": "2"}, {"item": "2014-12-24T01:09:35.000", "count": "2"}, {"item": "2014-07-24T18:46:32.000", "count": "2"}, {"item": "2014-08-14T20:59:27.000", "count": "2"}, {"item": "2014-01-05T13:30:14.000", "count": "2"}, {"item": "2014-03-03T14:21:57.000", "count": "2"}], "not_null": "187480", "non_null": 187480, "cardinality": "186851", "largest": "2014-12-31T23:59:39.000"}, "name": "Create Time", "format": {"view": "default_date_time"}, "position": 2, "fieldName": "create_time", "tableColumnId": 52974577, "id": 319128760, "renderTypeName": "calendar_date"}, {"width": 184, "dataTypeName": "number", "cachedContents": {"sum": "15995", "null": "177787", "smallest": "1", "top": [{"item": "1", "count": "5031"}, {"item": "2", "count": "3898"}, {"item": "5", "count": "320"}, {"item": "4", "count": "236"}, {"item": "3", "count": "208"}], "not_null": "9693", "non_null": 9693, "cardinality": "5", "average": "1.650159909212834", "largest": "5"}, "name": "Area Id", "format": {"decimalSeparator": ".", "groupSeparator": ","}, "position": 3, "fieldName": "area_id", "tableColumnId": 52974578, "id": 319128761, "renderTypeName": "number"}, {"width": 148, "dataTypeName": "text", "cachedContents": {"null": "1217", "smallest": "01X", "top": [{"item": "04X", "count": "7868"}, {"item": "08X", "count": "6723"}, {"item": "30X", "count": "5539"}, {"item": "23X", "count": "5485"}, {"item": "30Y", "count": "5454"}, {"item": "26Y", "count": "5377"}, {"item": "19X", "count": "5290"}, {"item": "06X", "count": "4931"}, {"item": "34X", "count": "4865"}, {"item": "03X", "count": "4727"}, {"item": "27Y", "count": "4653"}, {"item": "29X", "count": "4645"}, {"item": "20X", "count": "4639"}, {"item": "07X", "count": "4617"}, {"item": "31Y", "count": "4541"}, {"item": "25X", "count": "4372"}, {"item": "35X", "count": "4240"}, {"item": "27X", "count": "3912"}, {"item": "32X", "count": "3833"}, {"item": "21Y", "count": "3784"}], "not_null": "186263", "non_null": 186263, "cardinality": "58", "largest": "PDT2"}, "name": "Beat", "format": {}, "position": 4, "fieldName": "beat", "tableColumnId": 52974579, "id": 319128762, "renderTypeName": "text"}, {"width": 196, "dataTypeName": "number", "cachedContents": {"sum": "332187", "null": "0", "smallest": "1", "top": [{"item": "2", "count": "144707"}, {"item": "1", "count": "42773"}], "not_null": "187480", "non_null": 187480, "cardinality": "2", "average": "1.771852997653083", "largest": "2"}, "name": "Priority", "format": {"decimalSeparator": ".", "groupSeparator": ","}, "position": 5, "fieldName": "priority", "tableColumnId": 52974580, "id": 319128763, "renderTypeName": "number"}, {"width": 292, "dataTypeName": "text", "cachedContents": {"null": "0", "smallest": "107", "top": [{"item": "933R", "count": "17799"}, {"item": "SECCK", "count": "13784"}, {"item": "415", "count": "11937"}, {"item": "911H", "count": "9647"}, {"item": "10851", "count": "8894"}, {"item": "5150", "count": "7002"}, {"item": "415C", "count": "5925"}, {"item": "242", "count": "5709"}, {"item": "912", "count": "4799"}, {"item": "243E", "count": "4504"}, {"item": "415GS", "count": "3566"}, {"item": "949", "count": "3417"}, {"item": "WELCK", "count": "3365"}, {"item": "HAZ", "count": "3364"}, {"item": "211", "count": "3147"}, {"item": "901A", "count": "2632"}, {"item": "415TH", "count": "2447"}, {"item": "602L", "count": "2390"}, {"item": "245", "count": "2295"}, {"item": "943", "count": "2188"}], "not_null": "187480", "non_null": 187480, "cardinality": "257", "largest": "YELALT"}, "name": "Incident Type Id", "format": {}, "position": 6, "fieldName": "incident_type_id", "tableColumnId": 52974581, "id": 319128764, "renderTypeName": "text"}, {"width": 400, "dataTypeName": "text", "cachedContents": {"null": "141", "smallest": "21235 MOTORSCOOTER", "top": [{"item": "ALARM-RINGER", "count": "17799"}, {"item": "SECURITY CHECK", "count": "13784"}, {"item": "911 HANG-UP", "count": "9647"}, {"item": "STOLEN VEHICLE", "count": "8894"}, {"item": "MENTALLY ILL", "count": "7002"}, {"item": "DISTURBING THE PEACE", "count": "6851"}, {"item": "415 UNKNOWN", "count": "5925"}, {"item": "BATTERY", "count": "5709"}, {"item": "SUSPICIOUS PERSON", "count": "4799"}, {"item": "BATTERY ON CO-HABITA", "count": "4504"}, {"item": "415 FAMILY", "count": "3923"}, {"item": "415 GUNSHOTS", "count": "3566"}, {"item": "SUSPICIOUS VEHICLE", "count": "3417"}, {"item": "WELFARE CHECK -- CHE", "count": "3365"}, {"item": "HAZARDOUS SITUATION/", "count": "3364"}, {"item": "ROBBERY", "count": "3147"}, {"item": "VEHICLE COLLISION-PE", "count": "2632"}, {"item": "415 THREATS", "count": "2447"}, {"item": "TRESPASS:", "count": "2390"}, {"item": "ASSAULT W/DEADLY WEA", "count": "2295"}], "not_null": "187339", "non_null": 187339, "cardinality": "257", "largest": "YELLOW ALERT AT THE"}, "name": "Incident Type Description", "format": {}, "position": 7, "fieldName": "incident_type_description", "tableColumnId": 52974582, "id": 319128765, "renderTypeName": "text"}, {"width": 244, "dataTypeName": "text", "cachedContents": {"null": "0", "smallest": "LOP140101000001", "top": [{"item": "LOP140116000769", "count": "1"}, {"item": "LOP141005000298", "count": "1"}, {"item": "LOP141006000479", "count": "1"}, {"item": "LOP140510000586", "count": "1"}, {"item": "LOP140828001048", "count": "1"}, {"item": "LOP140326001047", "count": "1"}, {"item": "LOP140703000153", "count": "1"}, {"item": "LOP140628000096", "count": "1"}, {"item": "LOP140806000592", "count": "1"}, {"item": "LOP140210000772", "count": "1"}, {"item": "LOP140206000753", "count": "1"}, {"item": "LOP141215000950", "count": "1"}, {"item": "LOP140220000352", "count": "1"}, {"item": "LOP141004000072", "count": "1"}, {"item": "LOP140223000462", "count": "1"}, {"item": "LOP140313000891", "count": "1"}, {"item": "LOP141116000677", "count": "1"}, {"item": "LOP140227000839", "count": "1"}, {"item": "LOP141210000645", "count": "1"}, {"item": "LOP140717000873", "count": "1"}], "not_null": "187480", "non_null": 187480, "cardinality": "187480", "largest": "LOP141231001075"}, "name": "Event Number", "format": {}, "position": 8, "fieldName": "event_number", "tableColumnId": 52974583, "id": 319128766, "renderTypeName": "text"}, {"width": 232, "dataTypeName": "calendar_date", "cachedContents": {"null": "0", "smallest": "2014-01-01T00:01:32.000", "top": [{"item": "2014-06-04T16:31:09.000", "count": "3"}, {"item": "2014-06-20T01:44:34.000", "count": "3"}, {"item": "2014-05-31T20:49:01.000", "count": "2"}, {"item": "2014-12-31T21:20:10.000", "count": "2"}, {"item": "2014-05-03T00:02:04.000", "count": "2"}, {"item": "2014-07-01T21:20:00.000", "count": "2"}, {"item": "2014-07-26T20:23:04.000", "count": "2"}, {"item": "2014-03-01T09:23:07.000", "count": "2"}, {"item": "2014-08-19T16:33:58.000", "count": "2"}, {"item": "2014-06-02T00:16:30.000", "count": "2"}, {"item": "2014-04-27T19:12:58.000", "count": "2"}, {"item": "2014-09-13T16:12:13.000", "count": "2"}, {"item": "2014-11-09T16:48:05.000", "count": "2"}, {"item": "2014-12-23T14:29:41.000", "count": "2"}, {"item": "2014-01-22T20:40:14.000", "count": "2"}, {"item": "2014-06-20T23:22:06.000", "count": "2"}, {"item": "2014-09-03T19:34:16.000", "count": "2"}, {"item": "2014-01-24T19:43:20.000", "count": "2"}, {"item": "2014-10-09T16:20:44.000", "count": "2"}, {"item": "2014-08-12T20:45:18.000", "count": "2"}], "not_null": "187480", "non_null": 187480, "cardinality": "186913", "largest": "2016-03-04T15:51:29.000"}, "name": "Closed Time", "format": {"view": "default_date_time"}, "position": 9, "fieldName": "closed_time", "tableColumnId": 52974584, "id": 319128767, "renderTypeName": "calendar_date"}, {"width": 220, "dataTypeName": "location", "name": "Location 1", "format": {}, "position": 10, "fieldName": "location_1", "tableColumnId": 52974585, "id": 319128768, "renderTypeName": "location"}, {"dataTypeName": "number", "name": "Zip Codes", "format": {}, "position": 15, "fieldName": ":@computed_region_w23w_jfhw", "tableColumnId": 53016953, "id": 319307562, "computationStrategy": {"parameters": {"region": "_w23w-jfhw", "primary_key": "_feature_id"}, "type": "georegion_match_on_point", "source_columns": ["location_1"]}, "renderTypeName": "number"}], "approvals": [{"submissionOutcome": "change_audience", "workflowId": 1504, "submissionId": 495259, "submissionOutcomeApplication": {"status": "success", "failureCount": 0}, "submitter": {"displayName": "A. Fuller", "id": "9e4n-uys4"}, "state": "approved", "submissionObject": "public_audience_request", "reviewedAutomatically": true, "submissionDetails": {"permissionType": "READ"}, "reviewedAt": 1504877850, "submittedAt": 1504877850}], "publicationDate": 1504877850, "displayType": "table", "downloadCount": 22, "viewLastModified": 1555990679, "publicationStage": "published", "hideFromCatalog": false, "locale": "en_US", "publicationGroup": 14448209, "averageRating": 0, "newBackend": true, "metadata": {"renderTypeConfig": {"visible": {"table": true}}, "availableDisplayTypes": ["table", "fatrow", "page"]}, "rights": ["read"], "flags": ["default", "restorable", "restorePossibleForType"], "tableId": 14448209, "rowsUpdatedBy": "9e4n-uys4", "id": "sbnx-mm73", "query": {}, "publicationAppendEnabled": false, "name": "Records For 2014", "createdAt": 1504789641, "numberOfComments": 0, "provenance": "official", "indexUpdatedAt": 1507059162, "totalTimesRated": 0, "oid": 26748262}