{"hideFromDataJson": false, "owner": {"displayName": "A. Fuller", "type": "interactive", "id": "9e4n-uys4", "screenName": "A. Fuller"}, "viewType": "tabular", "tableAuthor": {"displayName": "A. Fuller", "type": "interactive", "id": "9e4n-uys4", "screenName": "A. Fuller"}, "grants": [{"flags": ["public"], "type": "viewer", "inherited": false}], "rowsUpdatedAt": 1504273709, "viewCount": 45, "columns": [{"width": 172, "dataTypeName": "text", "cachedContents": {"top": [{"item": "OP", "count": 20}], "non_null": 180015, "null": 1, "smallest": "OP", "largest": "OP"}, "name": "Agency", "format": {}, "position": 1, "fieldName": "agency", "tableColumnId": 52713059, "id": 318291426, "renderTypeName": "text"}, {"width": 232, "dataTypeName": "calendar_date", "cachedContents": {"top": [{"item": "2011-12-31T23:08:24", "count": 20}, {"item": "2011-12-31T23:08:30", "count": 19}, {"item": "2011-12-31T23:10:58", "count": 18}, {"item": "2011-12-31T23:20:01", "count": 17}, {"item": "2011-12-31T23:25:23", "count": 16}, {"item": "2011-12-31T23:26:50", "count": 15}, {"item": "2011-12-31T23:34:25", "count": 14}, {"item": "2011-12-31T23:34:34", "count": 13}, {"item": "2011-12-31T23:37:00", "count": 12}, {"item": "2011-12-31T23:37:31", "count": 11}, {"item": "2011-12-31T23:38:17", "count": 10}, {"item": "2011-12-31T23:42:38", "count": 9}, {"item": "2011-12-31T23:43:11", "count": 8}, {"item": "2011-12-31T23:43:20", "count": 7}, {"item": "2011-12-31T23:44:32", "count": 6}, {"item": "2011-12-31T23:44:46", "count": 5}, {"item": "2011-12-31T23:48:23", "count": 4}, {"item": "2011-12-31T23:49:01", "count": 3}, {"item": "2011-12-31T23:49:33", "count": 2}, {"item": "2011-12-31T23:51:13", "count": 1}], "non_null": 180015, "null": 1, "smallest": "2011-01-01T00:00:00", "largest": "2011-12-31T23:58:08"}, "name": "Create Time", "format": {"view": "default_date_time"}, "position": 2, "fieldName": "create_time", "tableColumnId": 52713060, "id": 318291427, "renderTypeName": "calendar_date"}, {"width": 196, "dataTypeName": "text", "cachedContents": {"top": [{"item": "W INTERNATIONAL BLVD ", "count": 20}, {"item": "WB HEGENBERGER RD ", "count": 19}, {"item": "WB AV&FOOTHILL BLVD ", "count": 18}, {"item": "WB FRUITVALE AV ", "count": 17}, {"item": "WB AV&INTERNATIONAL BLVD ", "count": 16}, {"item": "WB 5TH AV ", "count": 15}, {"item": "WB UNION ST ", "count": 14}, {"item": "WB ST  ", "count": 13}, {"item": "WB FAVOR ST ", "count": 12}, {"item": "WB ABBEY ST ", "count": 11}, {"item": "WB GRAND AV ", "count": 10}, {"item": "WB INTERNATIONAL BLVD ", "count": 9}, {"item": "WB GRAND AV&WOOD ST", "count": 8}, {"item": "WB REDWOOD RD&REDWOOD RD", "count": 7}, {"item": "WB 26TH AV ", "count": 6}, {"item": "WERNER 40TH STREET WY", "count": 5}, {"item": "WOOD AV&KEMPTON AV ", "count": 4}, {"item": "WOODSON B ST ", "count": 3}, {"item": "   ", "count": 2}], "non_null": 180016, "null": 0, "smallest": "   ", "largest": " ZORAH ST "}, "name": "Location", "format": {}, "position": 3, "fieldName": "location", "tableColumnId": 52713061, "id": 318291428, "renderTypeName": "text"}, {"width": 184, "dataTypeName": "number", "cachedContents": {"sum": "311771", "null": 904, "smallest": "1", "top": [{"item": "1", "count": 20}, {"item": "2", "count": 19}, {"item": "3", "count": 18}], "non_null": 179112, "average": "1.740648309437670", "largest": "3"}, "name": "Area Id", "format": {"decimalSeparator": ".", "groupSeparator": ","}, "position": 4, "fieldName": "area_id", "tableColumnId": 52713062, "id": 318291429, "renderTypeName": "number"}, {"width": 148, "dataTypeName": "text", "cachedContents": {"top": [{"item": "06X", "count": 20}, {"item": "08X", "count": 19}, {"item": "26Y", "count": 18}, {"item": "34X", "count": 17}, {"item": "19X", "count": 16}, {"item": "30X", "count": 15}, {"item": "04X", "count": 14}, {"item": "30Y", "count": 13}, {"item": "23X", "count": 12}, {"item": "29X", "count": 11}, {"item": "31Y", "count": 10}, {"item": "27Y", "count": 9}, {"item": "20X", "count": 8}, {"item": "07X", "count": 7}, {"item": "25X", "count": 6}, {"item": "35X", "count": 5}, {"item": "03X", "count": 4}, {"item": "32X", "count": 3}, {"item": "32Y", "count": 2}, {"item": "02Y", "count": 1}], "non_null": 179496, "null": 520, "smallest": "01X", "largest": "PDT2"}, "name": "Beat", "format": {}, "position": 5, "fieldName": "beat", "tableColumnId": 52713063, "id": 318291430, "renderTypeName": "text"}, {"width": 196, "dataTypeName": "number", "cachedContents": {"sum": "323327", "null": 1, "smallest": "0", "top": [{"item": "1", "count": 20}, {"item": "2", "count": 19}, {"item": "0", "count": 18}], "non_null": 180015, "average": "1.796111435158181", "largest": "2"}, "name": "Priority", "format": {"decimalSeparator": ".", "groupSeparator": ","}, "position": 6, "fieldName": "priority", "tableColumnId": 52713064, "id": 318291431, "renderTypeName": "number"}, {"width": 292, "dataTypeName": "text", "cachedContents": {"top": [{"item": "415GS", "count": 20}, {"item": "415", "count": 19}, {"item": "911H", "count": 18}, {"item": "933R", "count": 17}, {"item": "415C", "count": 16}, {"item": "SECCK", "count": 15}, {"item": "242", "count": 14}, {"item": "10851", "count": 13}, {"item": "5150", "count": 12}, {"item": "243E", "count": 11}, {"item": "949", "count": 10}, {"item": "912", "count": 9}, {"item": "211", "count": 8}, {"item": "HAZ", "count": 7}, {"item": "WELCK", "count": 6}, {"item": "459", "count": 5}, {"item": "245", "count": 4}, {"item": "CODE7", "count": 3}, {"item": "929", "count": 2}, {"item": "415TH", "count": 1}], "non_null": 180015, "null": 1, "smallest": "107", "largest": "YELALT"}, "name": "Incident Type Id", "format": {}, "position": 7, "fieldName": "incident_type_id", "tableColumnId": 52713065, "id": 318291432, "renderTypeName": "text"}, {"width": 400, "dataTypeName": "text", "cachedContents": {"top": [{"item": "415 GUNSHOTS", "count": 20}, {"item": "DISTURBING THE PEACE", "count": 19}, {"item": "911 HANG-UP", "count": 18}, {"item": "ALARM-RINGER", "count": 17}, {"item": "415 UNKNOWN", "count": 16}, {"item": "SECURITY CHECK", "count": 15}, {"item": "BATTERY", "count": 14}, {"item": "STOLEN VEHICLE", "count": 13}, {"item": "BATTERY ON CO-HABITA", "count": 12}, {"item": "MENTALLY ILL", "count": 11}, {"item": "SUSPICIOUS VEHICLE", "count": 10}, {"item": "SUSPICIOUS PERSON", "count": 9}, {"item": "415 FAMILY", "count": 8}, {"item": "ROBBERY", "count": 7}, {"item": "HAZARDOUS SITUATION/", "count": 6}, {"item": "WELFARE CHECK -- CHE", "count": 5}, {"item": "ASSAULT W/DEADLY WEA", "count": 4}, {"item": "BURGLARY", "count": 3}, {"item": "FIRE", "count": 2}, {"item": "415 THREATS", "count": 1}], "non_null": 180015, "null": 1, "smallest": "21235 MOTORSCOOTER", "largest": "YELLOW ALERT AT THE"}, "name": "Incident Type Description", "format": {}, "position": 8, "fieldName": "incident_type_description", "tableColumnId": 52713066, "id": 318291433, "renderTypeName": "text"}, {"width": 244, "dataTypeName": "text", "cachedContents": {"top": [{"item": "LOP111231000982", "count": 20}, {"item": "LOP111231000981", "count": 19}, {"item": "LOP111231000984", "count": 18}, {"item": "LOP111231000992", "count": 17}, {"item": "LOP111231000994", "count": 16}, {"item": "LOP111231000995", "count": 15}, {"item": "LOP111231000999", "count": 14}, {"item": "LOP111231000998", "count": 13}, {"item": "LOP111231001003", "count": 12}, {"item": "LOP111231001002", "count": 11}, {"item": "LOP111231001001", "count": 10}, {"item": "LOP111231001007", "count": 9}, {"item": "LOP111231001005", "count": 8}, {"item": "LOP111231001004", "count": 7}, {"item": "LOP111231001008", "count": 6}, {"item": "LOP111231001006", "count": 5}, {"item": "LOP111231001009", "count": 4}, {"item": "LOP111231001013", "count": 3}, {"item": "LOP111231001010", "count": 2}, {"item": "LOP111231001012", "count": 1}], "non_null": 180015, "null": 1, "smallest": "LOP110101000001", "largest": "LOP111231001017"}, "name": "Event Number", "format": {}, "position": 9, "fieldName": "event_number", "tableColumnId": 52713067, "id": 318291434, "renderTypeName": "text"}, {"width": 232, "dataTypeName": "calendar_date", "cachedContents": {"top": [{"item": "2012-01-01T01:23:38", "count": 20}, {"item": "2012-01-01T00:13:53", "count": 19}, {"item": "2012-01-01T09:19:44", "count": 18}, {"item": "2012-01-01T01:51:36", "count": 17}, {"item": "2012-01-01T02:43:56", "count": 16}, {"item": "2012-01-01T05:07:14", "count": 15}, {"item": "2012-01-01T08:58:18", "count": 14}, {"item": "2012-01-01T00:22:53", "count": 13}, {"item": "2011-12-31T23:50:35", "count": 12}, {"item": "2012-01-01T01:11:44", "count": 11}, {"item": "2012-01-01T02:41:36", "count": 10}, {"item": "2012-01-01T00:01:15", "count": 9}, {"item": "2012-01-01T00:16:51", "count": 8}, {"item": "2012-01-01T00:45:22", "count": 7}, {"item": "2012-01-01T00:44:22", "count": 6}, {"item": "2012-01-01T01:40:10", "count": 5}, {"item": "2012-01-01T02:30:22", "count": 4}, {"item": "2012-01-01T00:25:03", "count": 3}, {"item": "2012-01-01T02:59:48", "count": 2}], "non_null": 180009, "null": 7, "smallest": "2011-01-01T00:02:28", "largest": "2012-01-19T01:14:50"}, "name": "Closed Time", "format": {"view": "default_date_time"}, "position": 10, "fieldName": "closed_time", "tableColumnId": 52713068, "id": 318291435, "renderTypeName": "calendar_date"}], "approvals": [{"submissionOutcome": "change_audience", "workflowId": 1504, "submissionId": 495249, "submissionOutcomeApplication": {"status": "success", "failureCount": 0}, "submitter": {"displayName": "A. Fuller", "id": "9e4n-uys4"}, "state": "approved", "submissionObject": "public_audience_request", "reviewedAutomatically": true, "submissionDetails": {"permissionType": "READ"}, "reviewedAt": 1504273778, "submittedAt": 1504273778}], "publicationDate": 1504273778, "query": {}, "displayType": "table", "downloadCount": 23, "viewLastModified": 1504273778, "publicationStage": "published", "hideFromCatalog": false, "locale": "en_US", "publicationGroup": 14436099, "averageRating": 0, "newBackend": true, "metadata": {"renderTypeConfig": {"visible": {"table": true}}, "availableDisplayTypes": ["table", "fatrow", "page"]}, "rights": ["read"], "attribution": "Oakland Police Department", "flags": ["default", "restorable", "restorePossibleForType"], "tableId": 14436099, "rowsUpdatedBy": "9e4n-uys4", "id": "5n5b-epdp", "licenseId": "PDDL", "license": {"name": "Open Data Commons Public Domain Dedication and License", "termsLink": "http://opendatacommons.org/licenses/pddl/1.0/"}, "publicationAppendEnabled": false, "name": "Records For 2011", "createdAt": 1504273590, "numberOfComments": 0, "provenance": "official", "tags": ["prr 20055"], "indexUpdatedAt": 1504273786, "totalTimesRated": 0, "oid": 26707709}