{"hideFromDataJson": false, "owner": {"displayName": "A. Fuller", "type": "interactive", "id": "9e4n-uys4", "screenName": "A. Fuller"}, "viewType": "tabular", "rowsUpdatedBy": "9e4n-uys4", "grants": [{"flags": ["public"], "type": "viewer", "inherited": false}], "rowsUpdatedAt": 1504623265, "viewCount": 45, "columns": [{"width": 172, "dataTypeName": "text", "cachedContents": {"top": [{"item": "OP", "count": 20}], "non_null": 188051, "null": 1, "smallest": "OP", "largest": "OP"}, "name": "Agency", "format": {}, "position": 1, "fieldName": "agency", "tableColumnId": 52875029, "id": 318737798, "renderTypeName": "text"}, {"width": 232, "dataTypeName": "calendar_date", "cachedContents": {"top": [{"item": "2013-12-31T22:58:05", "count": 20}, {"item": "2013-12-31T22:58:38", "count": 19}, {"item": "2013-12-31T22:59:34", "count": 18}, {"item": "2013-12-31T23:05:27", "count": 17}, {"item": "2013-12-31T23:05:41", "count": 16}, {"item": "2013-12-31T23:07:40", "count": 15}, {"item": "2013-12-31T23:08:32", "count": 14}, {"item": "2013-12-31T23:11:18", "count": 13}, {"item": "2013-12-31T23:13:52", "count": 12}, {"item": "2013-12-31T23:14:56", "count": 11}, {"item": "2013-12-31T23:16:45", "count": 10}, {"item": "2013-12-31T23:19:00", "count": 9}, {"item": "2013-12-31T23:23:19", "count": 8}, {"item": "2013-12-31T23:23:41", "count": 7}, {"item": "2013-12-31T23:25:32", "count": 6}, {"item": "2013-12-31T23:36:17", "count": 5}, {"item": "2013-12-31T23:36:45", "count": 4}, {"item": "2013-12-31T23:41:41", "count": 3}, {"item": "2013-12-31T23:49:35", "count": 2}, {"item": "2013-12-31T23:50:17", "count": 1}], "non_null": 188051, "null": 1, "smallest": "2013-01-01T00:00:00", "largest": "2013-12-31T23:58:32"}, "name": "Create Time", "format": {"view": "default_date_time"}, "position": 2, "fieldName": "create_time", "tableColumnId": 52875030, "id": 318737799, "renderTypeName": "calendar_date"}, {"width": 208, "dataTypeName": "text", "cachedContents": {"top": [{"item": "WB AV&INTERNATIONAL BLVD    ", "count": 20}, {"item": "WB 89TH AV    ", "count": 19}, {"item": "WB MACARTHUR BLVD    ", "count": 18}, {"item": "WB AV&BANCROFT AV    ", "count": 17}, {"item": "WB SEMINARY AV    ", "count": 16}, {"item": "WB 16TH ST    ", "count": 15}, {"item": "WB AV&D ST    ", "count": 14}, {"item": "WB AV&LOCUST ST    ", "count": 13}, {"item": "WB 42ND AV    ", "count": 12}, {"item": "WB LEE ST    ", "count": 11}, {"item": "WB AV&SHATTUCK AV    ", "count": 10}, {"item": "WB PARTRIDGE AV    ", "count": 9}, {"item": "WB AV&MACARTHUR BLVD    ", "count": 8}, {"item": "WB 98TH AV    ", "count": 7}, {"item": "WELDON 43RD ST    ", "count": 6}, {"item": "WEST ALAMEDA AV    ", "count": 5}, {"item": "WHITNEY WARFIELD AV    ", "count": 4}, {"item": "WHITNEY E 16TH ST   ", "count": 3}, {"item": "WHITTLE BLVD&HARRINGTON AV    ", "count": 2}, {"item": "WHITTLE AV&MACARTHUR BLVD    ", "count": 1}], "non_null": 188052, "null": 0, "smallest": "      ", "largest": " ZORAH ST    "}, "name": "Location ", "format": {}, "position": 3, "fieldName": "location", "tableColumnId": 52875031, "id": 318737800, "renderTypeName": "text"}, {"width": 184, "dataTypeName": "number", "cachedContents": {"sum": "266372", "null": 2258, "smallest": "1", "top": [{"item": "2", "count": 20}, {"item": "1", "count": 19}], "non_null": 185794, "average": "1.433695383058656", "largest": "2"}, "name": "Area Id", "format": {"decimalSeparator": ".", "groupSeparator": ","}, "position": 4, "fieldName": "area_id", "tableColumnId": 52875032, "id": 318737801, "renderTypeName": "number"}, {"width": 148, "dataTypeName": "text", "cachedContents": {"top": [{"item": "29X", "count": 20}, {"item": "26Y", "count": 19}, {"item": "04X", "count": 18}, {"item": "19X", "count": 17}, {"item": "25X", "count": 16}, {"item": "08X", "count": 15}, {"item": "34X", "count": 14}, {"item": "20X", "count": 13}, {"item": "23X", "count": 12}, {"item": "30X", "count": 11}, {"item": "30Y", "count": 10}, {"item": "03X", "count": 9}, {"item": "06X", "count": 8}, {"item": "32X", "count": 7}, {"item": "07X", "count": 6}, {"item": "31Y", "count": 5}, {"item": "27Y", "count": 4}, {"item": "09X", "count": 3}, {"item": "21Y", "count": 2}, {"item": "35X", "count": 1}], "non_null": 186874, "null": 1178, "smallest": "01X", "largest": "PDT2"}, "name": "Beat", "format": {}, "position": 5, "fieldName": "beat", "tableColumnId": 52875033, "id": 318737802, "renderTypeName": "text"}, {"width": 196, "dataTypeName": "number", "cachedContents": {"sum": "332889", "null": 1, "smallest": "0", "top": [{"item": "1", "count": 20}, {"item": "2", "count": 19}, {"item": "0", "count": 18}], "non_null": 188051, "average": "1.770205954767590", "largest": "2"}, "name": "Priority", "format": {"decimalSeparator": ".", "groupSeparator": ","}, "position": 6, "fieldName": "priority", "tableColumnId": 52875034, "id": 318737803, "renderTypeName": "number"}, {"width": 292, "dataTypeName": "text", "cachedContents": {"top": [{"item": "415GS", "count": 20}, {"item": "243E", "count": 19}, {"item": "415C", "count": 18}, {"item": "415", "count": 17}, {"item": "911H", "count": 16}, {"item": "SECCK", "count": 15}, {"item": "242", "count": 14}, {"item": "933R", "count": 13}, {"item": "10851", "count": 12}, {"item": "211", "count": 11}, {"item": "5150", "count": 10}, {"item": "912", "count": 9}, {"item": "949", "count": 8}, {"item": "HAZ", "count": 7}, {"item": "WELCK", "count": 6}, {"item": "415N", "count": 5}, {"item": "459", "count": 4}, {"item": "11500", "count": 3}, {"item": "ASSIST", "count": 2}, {"item": "975", "count": 1}], "non_null": 188051, "null": 1, "smallest": "10801", "largest": "YELALT"}, "name": "Incident Type Id", "format": {}, "position": 7, "fieldName": "incident_type_id", "tableColumnId": 52875035, "id": 318737804, "renderTypeName": "text"}, {"width": 400, "dataTypeName": "text", "cachedContents": {"top": [{"item": "415 GUNSHOTS", "count": 20}, {"item": "BATTERY ON CO-HABITA", "count": 19}, {"item": "415 UNKNOWN", "count": 18}, {"item": "DISTURBING THE PEACE", "count": 17}, {"item": "415 FAMILY", "count": 16}, {"item": "911 HANG-UP", "count": 15}, {"item": "SECURITY CHECK", "count": 14}, {"item": "BATTERY", "count": 13}, {"item": "ALARM-RINGER", "count": 12}, {"item": "STOLEN VEHICLE", "count": 11}, {"item": "ROBBERY", "count": 10}, {"item": "MENTALLY ILL", "count": 9}, {"item": "SUSPICIOUS PERSON", "count": 8}, {"item": "SUSPICIOUS VEHICLE", "count": 7}, {"item": "HAZARDOUS SITUATION/", "count": 6}, {"item": "WELFARE CHECK -- CHE", "count": 5}, {"item": "BURGLARY", "count": 4}, {"item": "DRUG DEALING", "count": 3}, {"item": "FIGHT", "count": 2}, {"item": "415 FIRE CRACKERS", "count": 1}], "non_null": 188047, "null": 5, "smallest": "21235 MOTORSCOOTER", "largest": "YELLOW ALERT AT THE"}, "name": "Incident Type Description", "format": {}, "position": 8, "fieldName": "incident_type_description", "tableColumnId": 52875036, "id": 318737805, "renderTypeName": "text"}, {"width": 244, "dataTypeName": "text", "cachedContents": {"top": [{"item": "LOP131231000873", "count": 20}, {"item": "LOP131231000872", "count": 19}, {"item": "LOP131231000876", "count": 18}, {"item": "LOP131231000886", "count": 17}, {"item": "LOP131231000884", "count": 16}, {"item": "LOP131231000887", "count": 15}, {"item": "LOP131231000890", "count": 14}, {"item": "LOP131231000892", "count": 13}, {"item": "LOP131231000895", "count": 12}, {"item": "LOP131231000897", "count": 11}, {"item": "LOP131231000899", "count": 10}, {"item": "LOP131231000901", "count": 9}, {"item": "LOP131231000908", "count": 8}, {"item": "LOP131231000906", "count": 7}, {"item": "LOP131231000909", "count": 6}, {"item": "LOP131231000916", "count": 5}, {"item": "LOP131231000918", "count": 4}, {"item": "LOP131231000920", "count": 3}, {"item": "LOP131231000932", "count": 2}, {"item": "LOP131231000928", "count": 1}], "non_null": 188051, "null": 1, "smallest": "LOP130101000002", "largest": "LOP131231000935"}, "name": "Event Number", "format": {}, "position": 9, "fieldName": "event_number", "tableColumnId": 52875037, "id": 318737806, "renderTypeName": "text"}, {"width": 232, "dataTypeName": "calendar_date", "cachedContents": {"top": [{"item": "2014-01-01T09:38:16", "count": 20}, {"item": "2013-12-31T22:59:45", "count": 19}, {"item": "2013-12-31T23:20:02", "count": 18}, {"item": "2014-01-01T03:45:13", "count": 17}, {"item": "2014-01-01T08:20:28", "count": 16}, {"item": "2013-12-31T23:40:17", "count": 15}, {"item": "2013-12-31T23:21:37", "count": 14}, {"item": "2013-12-31T23:40:38", "count": 13}, {"item": "2013-12-31T23:18:01", "count": 12}, {"item": "2014-01-01T02:37:04", "count": 11}, {"item": "2014-01-01T03:54:19", "count": 10}, {"item": "2014-01-01T06:44:20", "count": 9}, {"item": "2014-01-01T00:35:58", "count": 8}, {"item": "2014-01-01T03:48:16", "count": 7}, {"item": "2013-12-31T23:41:41", "count": 6}, {"item": "2014-01-01T01:13:31", "count": 5}, {"item": "2014-01-01T00:42:07", "count": 4}, {"item": "2014-01-01T00:53:34", "count": 3}, {"item": "2013-12-31T23:53:50", "count": 2}, {"item": "2014-01-01T00:24:23", "count": 1}], "non_null": 188050, "null": 2, "smallest": "2013-01-01T00:24:41", "largest": "2016-04-25T04:59:30"}, "name": "Closed Time", "format": {"view": "default_date_time"}, "position": 10, "fieldName": "closed_time", "tableColumnId": 52875038, "id": 318737807, "renderTypeName": "calendar_date"}], "approvals": [{"submissionOutcome": "change_audience", "workflowId": 1504, "submissionId": 495257, "submissionOutcomeApplication": {"status": "success", "failureCount": 0}, "submitter": {"displayName": "A. Fuller", "id": "9e4n-uys4"}, "state": "approved", "submissionObject": "public_audience_request", "reviewedAutomatically": true, "submissionDetails": {"permissionType": "READ"}, "reviewedAt": 1504623446, "submittedAt": 1504623446}], "publicationDate": 1504623446, "query": {}, "displayType": "table", "downloadCount": 21, "tableAuthor": {"displayName": "A. Fuller", "type": "interactive", "id": "9e4n-uys4", "screenName": "A. Fuller"}, "viewLastModified": 1504623446, "category": "Public Services", "publicationStage": "published", "hideFromCatalog": false, "locale": "en_US", "publicationGroup": 14443314, "averageRating": 0, "newBackend": true, "metadata": {"renderTypeConfig": {"visible": {"table": true}}, "availableDisplayTypes": ["table", "fatrow", "page"]}, "rights": ["read"], "flags": ["default", "restorable", "restorePossibleForType"], "tableId": 14443314, "description": "crime statistics, PRR 20055", "id": "wb7f-ju26", "licenseId": "PDDL", "license": {"name": "Open Data Commons Public Domain Dedication and License", "termsLink": "http://opendatacommons.org/licenses/pddl/1.0/"}, "publicationAppendEnabled": false, "name": "Records For 2013", "createdAt": 1504623152, "numberOfComments": 0, "provenance": "official", "tags": ["crime statistics", "prr 20055"], "indexUpdatedAt": 1504623452, "totalTimesRated": 0, "oid": 26728126}