{"hideFromDataJson": false, "owner": {"displayName": "A. Fuller", "type": "interactive", "id": "9e4n-uys4", "screenName": "A. Fuller"}, "viewType": "tabular", "rowsUpdatedBy": "9e4n-uys4", "grants": [{"flags": ["public"], "type": "viewer", "inherited": false}], "rowsUpdatedAt": 1504897986, "viewCount": 117, "columns": [{"width": 172, "dataTypeName": "text", "cachedContents": {"top": [{"item": "OP", "count": 20}], "non_null": 110827, "null": 1, "smallest": "OP", "largest": "OP"}, "name": "Agency", "format": {}, "position": 2, "fieldName": "agency", "tableColumnId": 53030936, "id": 319362380, "renderTypeName": "text"}, {"width": 232, "dataTypeName": "calendar_date", "cachedContents": {"top": [{"item": "2016-07-31T23:45:50", "count": 20}, {"item": "2016-07-31T23:50:54", "count": 19}, {"item": "2016-07-31T23:56:29", "count": 18}, {"item": "2016-07-31T23:57:31", "count": 17}], "non_null": 110827, "null": 1, "smallest": "2016-01-01T00:00:57", "largest": "2016-07-31T23:57:31"}, "name": "Create Time", "format": {"view": "default_date_time"}, "position": 3, "fieldName": "create_time", "tableColumnId": 53030937, "id": 319362381, "renderTypeName": "calendar_date"}, {"width": 196, "dataTypeName": "text", "cachedContents": {"top": [{"item": "W AV&INTERNATIONAL BLVD    ", "count": 20}, {"item": "W INTERNATIONAL BLVD    ", "count": 19}, {"item": "WB INTERNATIONAL BLVD    ", "count": 18}, {"item": "WB LAKESHORE AV    ", "count": 17}, {"item": "WB TELEGRAPH AV    ", "count": 16}, {"item": "WB ST&SAN PABLO AV   ", "count": 15}, {"item": "WB GRAND AV    ", "count": 14}, {"item": "WB FRESNO ST    ", "count": 13}, {"item": "WB DR&SERRAMAR DR    ", "count": 12}, {"item": "WB ST&FALLON ST    ", "count": 11}, {"item": "WB FRUITVALE AV    ", "count": 10}, {"item": "WB PIEDMONT AV    ", "count": 9}, {"item": "WB HIGH ST    ", "count": 8}, {"item": "WB AV&INTERNATIONAL BLVD    ", "count": 7}, {"item": "WB AV&SANTA CLARA AV   ", "count": 6}, {"item": "WB AV&FOOTHILL BLVD    ", "count": 5}, {"item": "WB HARRISON ST    ", "count": 4}, {"item": "WB 86TH AV    ", "count": 3}, {"item": "WB ADELINE ST    ", "count": 2}, {"item": "WB FOOTHILL BLVD    ", "count": 1}], "non_null": 110828, "null": 0, "smallest": "      ", "largest": " ZORAH ST    "}, "name": "Location", "format": {}, "position": 4, "fieldName": "location", "tableColumnId": 53030938, "id": 319362382, "renderTypeName": "text"}, {"width": 184, "dataTypeName": "text", "cachedContents": {"top": [{"item": "P1", "count": 20}, {"item": "P3", "count": 19}, {"item": "P2", "count": 18}, {"item": "POU", "count": 17}, {"item": "PCW", "count": 16}, {"item": "TEC", "count": 15}, {"item": "JLS", "count": 14}, {"item": "WAG", "count": 13}], "non_null": 110827, "null": 1, "smallest": "JLS", "largest": "WAG"}, "name": "Area Id", "format": {}, "position": 5, "fieldName": "area_id", "tableColumnId": 53030939, "id": 319362383, "renderTypeName": "text"}, {"width": 148, "dataTypeName": "text", "cachedContents": {"top": [{"item": "04X", "count": 20}, {"item": "23X", "count": 19}, {"item": "07X", "count": 18}, {"item": "08X", "count": 17}, {"item": "30X", "count": 16}, {"item": "26Y", "count": 15}, {"item": "19X", "count": 14}, {"item": "30Y", "count": 13}, {"item": "03X", "count": 12}, {"item": "27Y", "count": 11}, {"item": "34X", "count": 10}, {"item": "29X", "count": 9}, {"item": "06X", "count": 8}, {"item": "25X", "count": 7}, {"item": "20X", "count": 6}, {"item": "03Y", "count": 5}, {"item": "35X", "count": 4}, {"item": "27X", "count": 3}, {"item": "31Y", "count": 2}, {"item": "33X", "count": 1}], "non_null": 110247, "null": 581, "smallest": "01X", "largest": "PDT2"}, "name": "Beat", "format": {}, "position": 6, "fieldName": "beat", "tableColumnId": 53030940, "id": 319362384, "renderTypeName": "text"}, {"width": 196, "dataTypeName": "number", "cachedContents": {"sum": "197099", "null": 1, "smallest": "1", "top": [{"item": "2", "count": 20}, {"item": "1", "count": 19}], "non_null": 110827, "average": "1.778438467160529", "largest": "2"}, "name": "Priority", "format": {"decimalSeparator": ".", "groupSeparator": ","}, "position": 7, "fieldName": "priority", "tableColumnId": 53030941, "id": 319362385, "renderTypeName": "number"}, {"width": 292, "dataTypeName": "text", "cachedContents": {"top": [{"item": "933R", "count": 20}, {"item": "415", "count": 19}, {"item": "242", "count": 18}, {"item": "10851", "count": 17}, {"item": "WELCK", "count": 16}, {"item": "415C", "count": 15}, {"item": "912", "count": 14}, {"item": "SECCK", "count": 13}, {"item": "5150", "count": 12}, {"item": "911H", "count": 11}, {"item": "243E", "count": 10}, {"item": "949", "count": 9}, {"item": "HAZ", "count": 8}, {"item": "415GS", "count": 7}, {"item": "415FC", "count": 6}, {"item": "901A", "count": 5}, {"item": "211", "count": 4}, {"item": "245", "count": 3}, {"item": "415CU", "count": 2}, {"item": "933MA", "count": 1}], "non_null": 110827, "null": 1, "smallest": "10801", "largest": "YELALT"}, "name": "Incident Type Id", "format": {}, "position": 8, "fieldName": "incident_type_id", "tableColumnId": 53030942, "id": 319362386, "renderTypeName": "text"}, {"width": 400, "dataTypeName": "text", "cachedContents": {"top": [{"item": "ALARM-RINGER", "count": 20}, {"item": "BATTERY", "count": 19}, {"item": "STOLEN VEHICLE", "count": 18}, {"item": "DISTURBING THE PEACE", "count": 17}, {"item": "WELFARE CHECK -- CHE", "count": 16}, {"item": "415 UNKNOWN", "count": 15}, {"item": "SECURITY CHECK", "count": 14}, {"item": "415 FAMILY", "count": 13}, {"item": "MENTALLY ILL", "count": 12}, {"item": "911 HANG-UP", "count": 11}, {"item": "SUSPICIOUS VEHICLE", "count": 10}, {"item": "BATTERY ON CO-HABITA", "count": 9}, {"item": "SUSPICIOUS PERSON", "count": 8}, {"item": "HAZARDOUS SITUATION/", "count": 7}, {"item": "415 GUNSHOTS", "count": 6}, {"item": "415 FIRE CRACKERS", "count": 5}, {"item": "ROBBERY", "count": 4}, {"item": "ALARM-MANUALLY ACTIV", "count": 3}, {"item": "SIDESHOW", "count": 2}, {"item": "VEHICLE COLLISION-PE", "count": 1}], "non_null": 110827, "null": 1, "smallest": "21235 MOTORSCOOTER", "largest": "YELLOW ALERT AT THE"}, "name": "Incident Type Description", "format": {}, "position": 9, "fieldName": "incident_type_description", "tableColumnId": 53030943, "id": 319362387, "renderTypeName": "text"}, {"width": 244, "dataTypeName": "text", "cachedContents": {"top": [{"item": "LOP160731000892", "count": 20}, {"item": "LOP160731000893", "count": 19}, {"item": "LOP160731000895", "count": 18}, {"item": "LOP160731000897", "count": 17}], "non_null": 110827, "null": 1, "smallest": "LOP160101000003", "largest": "LOP160731000897"}, "name": "Event Number", "format": {}, "position": 10, "fieldName": "event_number", "tableColumnId": 53030944, "id": 319362388, "renderTypeName": "text"}, {"width": 232, "dataTypeName": "calendar_date", "cachedContents": {"top": [{"item": "2016-07-31T23:58:03", "count": 20}, {"item": "2016-08-01T00:08:00", "count": 19}, {"item": "2016-08-01T01:33:31", "count": 18}, {"item": "2016-08-01T00:16:16", "count": 17}], "non_null": 110827, "null": 1, "smallest": "2016-01-01T00:11:13", "largest": "2017-02-02T11:10:10"}, "name": "Closed Time", "format": {"view": "default_date_time"}, "position": 11, "fieldName": "closed_time", "tableColumnId": 53030945, "id": 319362389, "renderTypeName": "calendar_date"}], "approvals": [{"submissionOutcome": "change_audience", "workflowId": 1504, "submissionId": 495261, "submissionOutcomeApplication": {"status": "success", "failureCount": 0}, "submitter": {"displayName": "A. Fuller", "id": "9e4n-uys4"}, "state": "approved", "submissionObject": "public_audience_request", "reviewedAutomatically": true, "submissionDetails": {"permissionType": "READ"}, "reviewedAt": 1504898817, "submittedAt": 1504898817}], "publicationDate": 1504898817, "query": {}, "displayType": "table", "downloadCount": 55, "tableAuthor": {"displayName": "A. Fuller", "type": "interactive", "id": "9e4n-uys4", "screenName": "A. Fuller"}, "viewLastModified": 1504898817, "category": "Public Services", "publicationStage": "published", "hideFromCatalog": false, "locale": "en_US", "publicationGroup": 14450809, "averageRating": 0, "newBackend": true, "metadata": {"renderTypeConfig": {"visible": {"table": true}}, "availableDisplayTypes": ["table", "fatrow", "page"]}, "rights": ["read"], "flags": ["default", "restorable", "restorePossibleForType"], "tableId": 14450809, "description": "PRR 20055 crime statistics", "id": "34sw-6tcv", "licenseId": "PDDL", "license": {"name": "Open Data Commons Public Domain Dedication and License", "termsLink": "http://opendatacommons.org/licenses/pddl/1.0/"}, "publicationAppendEnabled": false, "name": "Records For 2016", "createdAt": 1504897898, "numberOfComments": 0, "provenance": "official", "indexUpdatedAt": 1504898743, "totalTimesRated": 0, "oid": 26758988}