{"hideFromDataJson": false, "owner": {"displayName": "A. Fuller", "type": "interactive", "id": "9e4n-uys4", "screenName": "A. Fuller"}, "viewType": "tabular", "rowsUpdatedBy": "9e4n-uys4", "grants": [{"flags": ["public"], "type": "viewer", "inherited": false}], "rowsUpdatedAt": 1504879667, "viewCount": 74, "columns": [{"width": 172, "dataTypeName": "text", "cachedContents": {"top": [{"item": "OP", "count": 20}], "non_null": 192581, "null": 0, "smallest": "OP", "largest": "OP"}, "name": "Agency", "format": {}, "position": 1, "fieldName": "agency", "tableColumnId": 53018156, "id": 319313529, "renderTypeName": "text"}, {"width": 232, "dataTypeName": "calendar_date", "cachedContents": {"top": [{"item": "2015-12-31T23:57:26", "count": 20}, {"item": "2015-12-31T23:57:43", "count": 19}, {"item": "2015-12-31T23:58:11", "count": 18}, {"item": "2015-12-31T23:59:37", "count": 17}], "non_null": 192581, "null": 0, "smallest": "2015-01-01T00:01:59", "largest": "2015-12-31T23:59:37"}, "name": "Create Time", "format": {"view": "default_date_time"}, "position": 2, "fieldName": "create_time", "tableColumnId": 53018157, "id": 319313530, "renderTypeName": "calendar_date"}, {"width": 196, "dataTypeName": "text", "cachedContents": {"top": [{"item": "W MACARTHUR BLVD    ", "count": 20}, {"item": "WB INTERNATIONAL BLVD    ", "count": 19}, {"item": "WB AV&INTERNATIONAL BLVD    ", "count": 18}, {"item": "WB BROADWAY     ", "count": 17}, {"item": "WB E 27TH ST   ", "count": 16}, {"item": "WB AV&E 9TH ST   ", "count": 15}, {"item": "WB ST&BROADWAY     ", "count": 14}, {"item": "WB ST&SAN PABLO AV   ", "count": 13}, {"item": "WB MARTIN LUTHER KING JR WY ", "count": 12}, {"item": "WB CATRON DR    ", "count": 11}, {"item": "WB HILLMONT DR    ", "count": 10}, {"item": "WB AV&SAN LEANDRO ST   ", "count": 9}, {"item": "WB ST&WASHINGTON ST    ", "count": 8}, {"item": "WB HARBORD DR    ", "count": 7}, {"item": "WB AV&EVERETT AV    ", "count": 6}, {"item": "WB 82ND AV    ", "count": 5}, {"item": "WB EMERSON ST    ", "count": 4}, {"item": "WB 15TH ST    ", "count": 3}, {"item": "WB AV&MONTICELLO AV    ", "count": 2}, {"item": "WB 89TH AV    ", "count": 1}], "non_null": 192581, "null": 0, "smallest": "      ", "largest": " ZORAH ST    "}, "name": "Location", "format": {}, "position": 3, "fieldName": "location", "tableColumnId": 53018158, "id": 319313531, "renderTypeName": "text"}, {"width": 184, "dataTypeName": "text", "cachedContents": {"top": [{"item": "P3", "count": 20}, {"item": "P1", "count": 19}, {"item": "P2", "count": 18}, {"item": "POU", "count": 17}, {"item": "PCW", "count": 16}, {"item": "TEC", "count": 15}], "non_null": 192581, "null": 0, "smallest": "P1", "largest": "TEC"}, "name": "Area Id", "format": {}, "position": 4, "fieldName": "area_id", "tableColumnId": 53018159, "id": 319313532, "renderTypeName": "text"}, {"width": 148, "dataTypeName": "text", "cachedContents": {"top": [{"item": "30Y", "count": 20}, {"item": "23X", "count": 19}, {"item": "30X", "count": 18}, {"item": "26Y", "count": 17}, {"item": "04X", "count": 16}, {"item": "08X", "count": 15}, {"item": "25X", "count": 14}, {"item": "34X", "count": 13}, {"item": "06X", "count": 12}, {"item": "29X", "count": 11}, {"item": "19X", "count": 10}, {"item": "07X", "count": 9}, {"item": "03X", "count": 8}, {"item": "31Y", "count": 7}, {"item": "20X", "count": 6}, {"item": "27Y", "count": 5}, {"item": "35X", "count": 4}, {"item": "27X", "count": 3}, {"item": "24X", "count": 2}, {"item": "09X", "count": 1}], "non_null": 191256, "null": 1325, "smallest": "01X", "largest": "PDT2"}, "name": "Beat", "format": {}, "position": 5, "fieldName": "beat", "tableColumnId": 53018160, "id": 319313533, "renderTypeName": "text"}, {"width": 196, "dataTypeName": "number", "cachedContents": {"sum": "342742", "null": 0, "smallest": "0", "top": [{"item": "2", "count": 20}, {"item": "1", "count": 19}, {"item": "0", "count": 18}], "non_null": 192581, "average": "1.779729049075454", "largest": "2"}, "name": "Priority", "format": {"decimalSeparator": ".", "groupSeparator": ","}, "position": 6, "fieldName": "priority", "tableColumnId": 53018161, "id": 319313534, "renderTypeName": "number"}, {"width": 292, "dataTypeName": "text", "cachedContents": {"top": [{"item": "415", "count": 20}, {"item": "415GS", "count": 19}, {"item": "933R", "count": 18}, {"item": "SECCK", "count": 17}, {"item": "911H", "count": 16}, {"item": "243E", "count": 15}, {"item": "415C", "count": 14}, {"item": "10851", "count": 13}, {"item": "242", "count": 12}, {"item": "5150", "count": 11}, {"item": "912", "count": 10}, {"item": "949", "count": 9}, {"item": "WELCK", "count": 8}, {"item": "HAZ", "count": 7}, {"item": "602L", "count": 6}, {"item": "20002", "count": 5}, {"item": "415CU", "count": 4}, {"item": "245", "count": 3}, {"item": "901A", "count": 2}, {"item": "601R", "count": 1}], "non_null": 192581, "null": 0, "smallest": "107", "largest": "YELALT"}, "name": "Incident Type Id", "format": {}, "position": 7, "fieldName": "incident_type_id", "tableColumnId": 53018162, "id": 319313535, "renderTypeName": "text"}, {"width": 400, "dataTypeName": "text", "cachedContents": {"top": [{"item": "DISTURBING THE PEACE", "count": 20}, {"item": "ALARM-RINGER", "count": 19}, {"item": "SECURITY CHECK", "count": 18}, {"item": "911 HANG-UP", "count": 17}, {"item": "BATTERY ON CO-HABITA", "count": 16}, {"item": "415 UNKNOWN", "count": 15}, {"item": "415 FAMILY", "count": 14}, {"item": "STOLEN VEHICLE", "count": 13}, {"item": "BATTERY", "count": 12}, {"item": "MENTALLY ILL", "count": 11}, {"item": "SUSPICIOUS PERSON", "count": 10}, {"item": "SUSPICIOUS VEHICLE", "count": 9}, {"item": "HAZARDOUS SITUATION/", "count": 8}, {"item": "WELFARE CHECK -- CHE", "count": 7}, {"item": "415 GUNSHOTS", "count": 6}, {"item": "TRESPASS:", "count": 5}, {"item": "HIT & RUN (PROPERTY", "count": 4}, {"item": "ASSAULT W/DEADLY WEA", "count": 3}, {"item": "VEHICLE COLLISION-PE", "count": 2}, {"item": "RUNAWAY", "count": 1}], "non_null": 192338, "null": 243, "smallest": "21235 MOTORSCOOTER", "largest": "YELLOW ALERT AT THE"}, "name": "Incident Type Description", "format": {}, "position": 8, "fieldName": "incident_type_description", "tableColumnId": 53018163, "id": 319313536, "renderTypeName": "text"}, {"width": 244, "dataTypeName": "text", "cachedContents": {"top": [{"item": "LOP151231001098", "count": 20}, {"item": "LOP151231001100", "count": 19}, {"item": "LOP151231001102", "count": 18}, {"item": "LOP151231001104", "count": 17}], "non_null": 192581, "null": 0, "smallest": "LOP150101000003", "largest": "LOP151231001104"}, "name": "Event Number", "format": {}, "position": 9, "fieldName": "event_number", "tableColumnId": 53018164, "id": 319313537, "renderTypeName": "text"}, {"width": 232, "dataTypeName": "calendar_date", "cachedContents": {"top": [{"item": "2016-01-01T01:15:50", "count": 20}, {"item": "2016-01-01T00:13:56", "count": 19}, {"item": "2016-01-01T00:27:40", "count": 18}, {"item": "2016-01-01T00:29:22", "count": 17}], "non_null": 192581, "null": 0, "smallest": "2015-01-01T00:06:18", "largest": "2016-12-01T14:35:54"}, "name": "Closed Time", "format": {"view": "default_date_time"}, "position": 10, "fieldName": "closed_time", "tableColumnId": 53018165, "id": 319313538, "renderTypeName": "calendar_date"}], "approvals": [{"submissionOutcome": "change_audience", "workflowId": 1504, "submissionId": 495260, "submissionOutcomeApplication": {"status": "success", "failureCount": 0}, "submitter": {"displayName": "A. Fuller", "id": "9e4n-uys4"}, "state": "approved", "submissionObject": "public_audience_request", "reviewedAutomatically": true, "submissionDetails": {"permissionType": "READ"}, "reviewedAt": 1504886848, "submittedAt": 1504886848}], "publicationDate": 1504886848, "query": {}, "displayType": "table", "downloadCount": 27, "tableAuthor": {"displayName": "A. Fuller", "type": "interactive", "id": "9e4n-uys4", "screenName": "A. Fuller"}, "viewLastModified": 1504886848, "category": "Public Services", "publicationStage": "published", "hideFromCatalog": false, "locale": "en_US", "publicationGroup": 14450305, "averageRating": 0, "newBackend": true, "metadata": {"renderTypeConfig": {"visible": {"table": true}}, "availableDisplayTypes": ["table", "fatrow", "page"]}, "rights": ["read"], "flags": ["default", "restorable", "restorePossibleForType"], "tableId": 14450305, "description": "PRR 20055", "id": "67h3-nsvn", "licenseId": "PDDL", "license": {"name": "Open Data Commons Public Domain Dedication and License", "termsLink": "http://opendatacommons.org/licenses/pddl/1.0/"}, "publicationAppendEnabled": false, "name": "Records For 2015", "createdAt": 1504879541, "numberOfComments": 0, "provenance": "official", "tags": ["crime statistics"], "indexUpdatedAt": 1504880202, "totalTimesRated": 0, "oid": 26757065}